n_llama,n_yolos,n_bart,llama_avg_ms,yolos_avg_ms,bart_avg_ms,Llama contention ,Yolos contention,Bart contention
1,0,0,5.024,5.024,5.024,0,0,0
0,1,0,5.05,5.05,5.05,0,0,0
0,0,1,0.87,0.87,0.87,0,0,0
1,1,1,9.320768156,8.474363246,6.621145346,4.296768156,3.424363246,5.751145346
2,1,1,12.68187391,10.94263498,9.824016947,7.657873912,5.892634981,8.954016947
2,1,2,13.26625098,10.88180655,10.04270011,8.242250984,5.831806552,9.17270011
2,2,1,18.05065522,15.37459877,14.95100199,13.02665522,10.32459877,14.08100199
2,2,2,18.66594404,16.03014492,15.98742497,13.64194404,10.98014492,15.11742497
1,2,1,14.71840126,13.19164603,11.58041778,9.694401258,8.141646032,10.71041778
1,2,2,15.09521049,13.70625937,12.80584456,10.07121049,8.656259374,11.93584456
1,1,2,9.890456502,8.92343578,7.115972528,4.866456502,3.87343578,6.245972528
3,1,1,16.17973399,12.99346713,13.26579461,11.15573399,7.943467126,12.39579461
3,1,2,16.78202336,13.57410698,13.60407273,11.75802336,8.524106984,12.73407273
3,1,3,17.35158629,14.13788269,14.35586733,12.32758629,9.087882693,13.48586733
3,2,1,21.78118232,18.0049148,18.93202642,16.75718232,12.9549148,18.06202642
3,2,2,22.22054628,18.29761256,19.52408619,17.19654628,13.24761256,18.65408619
3,2,3,22.84735253,18.80477411,20.15173146,17.82335253,13.75477411,19.28173146
3,3,1,27.44572932,23.20503579,24.59101143,22.42172932,18.15503579,23.72101143
3,3,2,27.93028674,23.53594129,25.25949207,22.90628674,18.48594129,24.38949207
3,3,3,28.42874491,23.53627406,25.50707322,23.40474491,18.48627406,24.63707322
1,3,1,20.33545238,18.41693939,16.1250904,15.31145238,13.36693939,15.2550904
1,3,2,21.01737666,18.9272379,17.67654916,15.99337666,13.8772379,16.80654916
1,3,3,21.43042099,19.44458297,17.54086383,16.40642099,14.39458297,16.67086383
2,3,1,23.84527165,20.87955679,21.3532786,18.82127165,15.82955679,20.4832786
2,3,2,24.36591426,21.0053911,22.28078209,19.34191426,15.9553911,21.41078209
2,3,3,24.90984758,21.6732184,23.01443481,19.88584758,16.6232184,22.14443481
1,1,3,10.37057053,9.04971561,7.926868847,5.346570529,3.99971561,7.056868847
1,2,3,15.65841115,14.07928864,13.06965473,10.63441115,9.02928864,12.19965473
2,1,3,13.76227208,11.73672897,11.38284364,8.738272084,6.686728974,10.51284364
2,2,3,19.09668515,16.31000309,17.65544183,14.07268515,11.26000309,16.78544183
4,1,1,19.93615618,15.44218679,16.28200066,14.91215618,10.39218679,15.41200066
4,1,2,20.34697501,15.59380232,17.07799168,15.32297501,10.54380232,16.20799168
4,1,3,20.86267472,16.10114276,17.22304664,15.83867472,11.05114276,16.35304664
4,1,4,21.53400501,16.70449902,18.00184011,16.51000501,11.65449902,17.13184011
4,2,1,25.26400983,20.11598754,21.59378089,20.24000983,15.06598754,20.72378089
4,2,2,25.86364981,20.4848686,22.6780253,20.83964981,15.4348686,21.8080253
4,2,3,26.41099615,20.96535618,23.12113734,21.38699615,15.91535618,22.25113734
4,2,4,26.85524142,21.11580314,23.36999202,21.83124142,16.06580314,22.49999202
4,3,1,30.96137333,25.28451737,27.40844708,25.93737333,20.23451737,26.53844708
4,3,2,31.59713204,25.6911929,28.15737172,26.57313204,20.6411929,27.28737172
4,3,3,31.90212673,25.85414149,28.56712759,26.87812673,20.80414149,27.69712759
4,3,4,32.41460416,26.16283259,29.21513633,27.39060416,21.11283259,28.34513633
4,4,1,36.63851411,30.69677109,33.09322858,31.61451411,25.64677109,32.22322858
4,4,2,37.2312933,31.23272158,33.78674658,32.2072933,26.18272158,32.91674658
4,4,3,37.54987414,31.23712956,34.09677482,32.52587414,26.18712956,33.22677482
4,4,4,38.11517232,31.50299158,34.62459319,33.09117232,26.45299158,33.75459319
1,4,1,26.23280969,24.29456639,18.94320461,21.20880969,19.24456639,18.07320461
1,4,2,26.72827487,24.68995467,21.53803661,21.70427487,19.63995467,20.66803661
1,4,3,27.22504627,24.88412961,21.7326168,22.20104627,19.83412961,20.8626168
1,4,4,27.52006313,25.02540905,26.82631033,22.49606313,19.97540905,25.95631033
2,4,1,29.7543913,26.25558698,27.07303337,24.7303913,21.20558698,26.20303337
2,4,2,30.34615451,26.70767552,27.45766845,25.32215451,21.65767552,26.58766845
2,4,3,30.62446531,26.94699042,27.8111356,25.60046531,21.89699042,26.9411356
2,4,4,31.05465857,27.38945523,28.99471593,26.03065857,22.33945523,28.12471593
3,4,1,33.2166501,28.57686779,30.13645237,28.1926501,23.52686779,29.26645237
3,4,2,33.59371732,28.94980132,30.90237233,28.56971732,23.89980132,30.03237233
3,4,3,34.10397067,29.32951292,31.53461853,29.07997067,24.27951292,30.66461853
3,4,4,34.60957263,29.50257216,31.80170004,29.58557263,24.45257216,30.93170004
1,1,4,10.8283446,9.55253986,8.692736005,5.804344597,4.50253986,7.822736005
1,2,4,16.19576237,14.5768976,15.52478382,11.17176237,9.526897604,14.65478382
1,3,4,21.86364958,19.76362791,19.3642064,16.83964958,14.71362791,18.4942064
2,1,4,14.19508677,11.94403317,12.35239151,9.171086769,6.894033174,11.48239151
2,2,4,19.78459449,16.61210182,17.46425433,14.76059449,11.56210182,16.59425433
2,3,4,25.27276794,21.93519105,23.51012539,20.24876794,16.88519105,22.64012539
3,1,4,17.78264951,14.26685313,15.03429301,12.75864951,9.216853133,14.16429301
3,2,4,23.18885048,18.84822907,20.78123831,18.16485048,13.79822907,19.91123831
3,3,4,28.84567077,24.07263977,26.22139166,23.82167077,19.02263977,25.35139166
5,1,1,23.41055932,17.1661642,18.16062654,18.38655932,12.1161642,17.29062654
5,1,2,24.03301909,17.83996361,19.51984382,19.00901909,12.78996361,18.64984382
5,1,3,24.61590433,18.37405103,20.25659837,19.59190433,13.32405103,19.38659837
5,1,4,25.01775106,18.45309541,20.55036173,19.99375106,13.40309541,19.68036173
5,1,5,25.52975644,18.59441095,21.73267945,20.50575644,13.54441095,20.86267945
5,2,1,29.05641496,22.44425719,24.61252568,24.03241496,17.39425719,23.74252568
5,2,2,29.55425956,22.63600593,25.21560334,24.53025956,17.58600593,24.34560334
5,2,3,30.01624824,23.13018377,25.76765259,24.99224824,18.08018377,24.89765259
5,2,4,30.59253618,23.43311307,26.50036597,25.56853618,18.38311307,25.63036597
5,2,5,31.00755449,23.72581338,27.15347999,25.98355449,18.67581338,26.28347999
5,3,1,34.65934623,27.4492603,30.3238878,29.63534623,22.3992603,29.4538878
5,3,2,35.0813527,27.80096387,30.85436277,30.0573527,22.75096387,29.98436277
5,3,3,35.64750638,28.23647864,31.44090945,30.62350638,23.18647864,30.57090945
5,3,4,36.12613951,28.51559938,32.03473765,31.10213951,23.46559938,31.16473765
5,3,5,36.63007286,29.03334407,32.415871,31.60607286,23.98334407,31.545871
5,4,1,40.16401688,32.67345312,36.16136943,35.14001688,27.62345312,35.29136943
5,4,2,40.69120746,33.05856964,36.46249272,35.66720746,28.00856964,35.59249272
5,4,3,41.2491832,33.51630363,37.03737632,36.2251832,28.46630363,36.16737632
5,4,4,41.61868475,33.69936822,37.44374225,36.59468475,28.64936822,36.57374225
5,4,5,42.12566593,34.10357291,37.97211279,37.10166593,29.05357291,37.10211279
5,5,1,45.88247476,38.1834112,41.63061341,40.85847476,33.1334112,40.76061341
5,5,2,46.36588056,38.42256391,42.20169415,41.34188056,33.37256391,41.33169415
5,5,3,46.83490045,38.91103133,42.62138863,41.81090045,33.86103133,41.75138863
5,5,4,47.30098553,39.10252277,43.14304622,42.27698553,34.05252277,42.27304622
5,5,5,47.64044567,39.20625813,43.49438881,42.61644567,34.15625813,42.62438881
1,5,1,32.19098831,29.77448022,22.28146014,27.16698831,24.72448022,21.41146014
1,5,2,32.60579718,30.18102178,21.55217662,27.58179718,25.13102178,20.68217662
1,5,3,33.00150697,30.48688955,23.71674057,27.97750697,25.43688955,22.84674057
1,5,4,33.43581887,30.77363351,24.56088747,28.41181887,25.72363351,23.69088747
1,5,5,33.85962814,31.12621534,26.41814414,28.83562814,26.07621534,25.54814414
2,5,1,35.35665132,32.19674089,29.42491309,30.33265132,27.14674089,28.55491309
2,5,2,35.68787482,32.42731939,32.11016274,30.66387482,27.37731939,31.24016274
2,5,3,36.29073995,32.75196603,30.81143698,31.26673995,27.70196603,29.94143698
2,5,4,36.62351058,32.94317074,33.52485418,31.59951058,27.89317074,32.65485418
2,5,5,37.03382442,33.27136721,34.81174016,32.00982442,28.22136721,33.94174016
3,5,1,38.84007965,34.15651807,34.32532093,33.81607965,29.10651807,33.45532093
3,5,2,39.26444698,34.49224395,35.2260629,34.24044698,29.44224395,34.3560629
3,5,3,39.82837241,34.90771777,36.11077215,34.80437241,29.85771777,35.24077215
3,5,4,40.24484083,35.15905345,37.56817763,35.22084083,30.10905345,36.69817763
3,5,5,40.67837311,35.48148207,38.100775,35.65437311,30.43148207,37.230775
4,5,1,42.349162,36.06009759,39.08229221,37.325162,31.01009759,38.21229221
4,5,2,42.90885792,36.62266417,39.41184695,37.88485792,31.57266417,38.54184695
4,5,3,43.21762591,36.85650632,39.88595191,38.19362591,31.80650632,39.01595191
4,5,4,43.7278637,37.22178608,40.29264732,38.7038637,32.17178608,39.42264732
4,5,5,44.1030348,37.31730349,40.76077885,39.0790348,32.26730349,39.89077885
1,1,5,11.31946653,9.663550451,9.326657201,6.295466534,4.613550451,8.456657201
1,2,5,16.68956668,14.91096585,14.67776528,11.66556668,9.860965848,13.80776528
1,3,5,22.35045128,20.19788234,20.19903115,17.32645128,15.14788234,19.32903115
1,4,5,28.11939289,25.66490488,23.3582383,23.09539289,20.61490488,22.4882383
2,1,5,14.72560727,12.38240989,12.63636418,9.701607266,7.332409892,11.76636418
2,2,5,20.20057912,17.32148053,18.430235,15.17657912,12.27148053,17.560235
2,3,5,25.83076154,22.41200384,24.07946219,20.80676154,17.36200384,23.20946219
2,4,5,31.50232284,27.88046549,29.31561835,26.47832284,22.83046549,28.44561835
3,1,5,18.38023408,14.82304866,15.71092894,13.35623408,9.773048655,14.84092894
3,2,5,23.83975973,19.647929,21.2279476,18.81575973,14.597929,20.3579476
3,3,5,29.38211783,24.6614319,26.78028557,24.35811783,19.6114319,25.91028557
3,4,5,34.93491666,29.802659,32.53727192,29.91091666,24.752659,31.66727192
4,1,5,21.92887304,16.80014591,18.56876524,16.90487304,11.75014591,17.69876524
4,2,5,27.39268418,21.69728329,24.07067979,22.36868418,16.64728329,23.20067979
4,3,5,32.82203809,26.57187036,29.75055209,27.79803809,21.52187036,28.88055209
4,4,5,38.50605583,32.00701969,35.18705127,33.48205583,26.95701969,34.31705127
6,1,1,27.19965161,19.67752269,21.72521192,22.17565161,14.62752269,20.85521192
6,1,2,27.58897893,19.75594005,22.92387581,22.56497893,14.70594005,22.05387581
6,1,3,28.23310597,20.34434555,23.17818001,23.20910597,15.29434555,22.30818001
6,1,4,28.60730849,20.50135756,23.9294159,23.58330849,15.45135756,23.0594159
6,1,5,28.98209889,20.58132353,24.62904858,23.95809889,15.53132353,23.75904858
6,1,6,29.58572178,21.09998753,24.88402419,24.56172178,16.04998753,24.01402419
6,2,1,32.66250419,24.57301463,27.69525384,27.63850419,19.52301463,26.82525384
6,2,2,33.29965202,25.02706643,28.14031438,28.27565202,19.97706643,27.27031438
6,2,3,33.70829782,25.31433729,28.78191208,28.68429782,20.26433729,27.91191208
6,2,4,34.09930993,25.555534,29.43403959,29.07530993,20.505534,28.56403959
6,2,5,34.6965995,25.94751068,29.80871592,29.6725995,20.89751068,28.93871592
6,2,6,35.0791911,26.21891302,30.35342025,30.0551911,21.16891302,29.48342025
6,3,1,38.28158634,29.52945366,33.24380312,33.25758634,24.47945366,32.37380312
6,3,2,38.83534479,30.010113,33.76705315,33.81134479,24.960113,32.89705315
6,3,3,39.24225721,30.3599662,34.34600986,34.21825721,25.3099662,33.47600986
6,3,4,39.77734223,30.66919359,34.78654732,34.75334223,25.61919359,33.91654732
6,3,5,40.18120543,30.94746664,35.27538003,35.15720543,25.89746664,34.40538003
6,3,6,40.75393691,31.42960908,35.72992724,35.72993691,26.37960908,34.85992724
6,4,1,43.85647882,34.87055826,39.01400083,38.83247882,29.82055826,38.14400083
6,4,2,44.22320289,35.04579819,39.52009926,39.19920289,29.99579819,38.65009926
6,4,3,44.77177449,35.4027146,39.82495045,39.74777449,30.3527146,38.95495045
6,4,4,45.15505975,35.71163084,40.3809898,40.13105975,30.66163084,39.5109898
6,4,5,45.70774253,36.10050604,40.764278,40.68374253,31.05050604,39.894278
6,4,6,46.22339072,36.4165474,41.22584261,41.19939072,31.3665474,40.35584261
6,5,1,49.40630503,40.0710669,44.59441802,44.38230503,35.0210669,43.72441802
6,5,2,49.93488713,40.43439803,44.82273902,44.91088713,35.38439803,43.95273902
6,5,3,50.32672741,40.75802354,45.39223126,45.30272741,35.70802354,44.52223126
6,5,4,50.89074488,41.15907941,45.83536899,45.86674488,36.10907941,44.96536899
6,5,5,51.21177427,41.17338157,46.2845377,46.18777427,36.12338157,45.4145377
6,5,6,51.66741907,41.75820809,46.79162882,46.64341907,36.70820809,45.92162882
6,6,1,55.03327315,45.36088949,50.08605761,50.00927315,40.31088949,49.21605761
6,6,2,55.48064031,45.681141,50.44505702,50.45664031,40.631141,49.57505702
6,6,3,55.8467596,45.90867976,50.9353594,50.8227596,40.85867976,50.0653594
6,6,4,56.2812483,46.23465313,51.48116508,51.2572483,41.18465313,50.61116508
6,6,5,56.66975577,46.60890448,51.99616972,51.64575577,41.55890448,51.12616972
6,6,6,57.16925939,46.75757363,52.31906185,52.14525939,41.70757363,51.44906185
1,6,1,35.15109227,35.20573341,24.14132441,30.12709227,30.15573341,23.27132441
1,6,2,35.73029541,35.57045532,27.73291754,30.70629541,30.52045532,26.86291754
1,6,3,37.46253029,35.81573581,27.49447173,32.43853029,30.76573581,26.62447173
1,6,4,38.35601352,36.16220808,30.15127608,33.33201352,31.11220808,29.28127608
1,6,5,38.71463389,36.57999814,32.45720711,33.69063389,31.52999814,31.58720711
1,6,6,39.78614012,36.93288823,32.21258066,34.76214012,31.88288823,31.34258066
2,6,1,41.04924902,37.85669487,32.39527229,36.02524902,32.80669487,31.52527229
2,6,2,41.57877213,38.22663952,31.96619556,36.55477213,33.17663952,31.09619556
2,6,3,41.9973841,38.42855865,34.12292441,36.9733841,33.37855865,33.25292441
2,6,4,42.27859275,38.59367072,36.56493333,37.25459275,33.54367072,35.69493333
2,6,5,42.72518801,38.82378301,37.07440326,37.70118801,33.77378301,36.20440326
2,6,6,43.1446603,39.08204748,38.98815524,38.1206603,34.03204748,38.11815524
3,6,1,44.31510147,39.62660623,39.98147488,39.29110147,34.57660623,39.11147488
3,6,2,44.96721217,39.96412789,39.47817163,39.94321217,34.91412789,38.60817163
3,6,3,45.44771754,40.37675067,40.49180856,40.42371754,35.32675067,39.62180856
3,6,4,45.77315405,40.53154519,42.25638115,40.74915405,35.48154519,41.38638115
3,6,5,46.24731364,40.86016604,43.62318653,41.22331364,35.81016604,42.75318653
3,6,6,46.52471785,40.70728189,44.02419588,41.50071785,35.65728189,43.15419588
4,6,1,47.96712159,41.57158288,44.83786111,42.94312159,36.52158288,43.96786111
4,6,2,48.30409246,41.75001211,45.23299323,43.28009246,36.70001211,44.36299323
4,6,3,48.82583688,42.27890135,45.56805276,43.80183688,37.22890135,44.69805276
4,6,4,49.20475433,42.27735505,46.00611584,44.18075433,37.22735505,45.13611584
4,6,5,49.71047044,42.7150175,46.36640931,44.68647044,37.6650175,45.49640931
4,6,6,50.13852652,42.48443451,46.80994995,45.11452652,37.43443451,45.93994995
5,6,1,51.50911374,43.65839442,47.34678417,46.48511374,38.60839442,46.47678417
5,6,2,51.8537814,43.77376778,47.70632249,46.8297814,38.72376778,46.83632249
5,6,3,52.44497362,44.19726926,48.19358532,47.42097362,39.14726926,47.32358532
5,6,4,52.74492702,44.36062484,48.60384841,47.72092702,39.31062484,47.73384841
5,6,5,52.9760771,44.39267386,49.02087195,47.9520771,39.34267386,48.15087195
5,6,6,53.48022358,44.71368916,49.54920496,48.45622358,39.66368916,48.67920496
1,1,6,11.77329025,10.21684671,10.06833125,6.749290246,5.166846709,9.19833125
1,2,6,17.17345467,15.34177207,16.06250693,12.14945467,10.29177207,15.19250693
1,3,6,22.86307756,20.53159027,20.89214761,17.83907756,15.48159027,20.02214761
1,4,6,28.51160947,26.00595083,25.29049153,23.48760947,20.95595083,24.42049153
1,5,6,34.16322272,31.4407984,28.48326162,29.13922272,26.3907984,27.61326162
2,1,6,15.11749265,12.52001672,13.34484885,10.09349265,7.470016717,12.47484885
2,2,6,20.74733689,17.82962708,18.965283,15.72333689,12.77962708,18.095283
2,3,6,26.23194301,22.76427498,24.56072689,21.20794301,17.71427498,23.69072689
2,4,6,31.84117461,28.21132285,29.85047193,26.81717461,23.16132285,28.98047193
2,5,6,37.48651985,33.52618761,35.17600737,32.46251985,28.47618761,34.30600737
3,1,6,18.77680685,14.89755773,16.16002484,13.75280685,9.847557726,15.29002484
3,2,6,24.28625453,19.844329,21.80080743,19.26225453,14.794329,20.93080743
3,3,6,29.82364107,24.90679407,27.34930455,24.79964107,19.85679407,26.47930455
3,4,6,35.44554139,30.38752631,32.93155797,30.42154139,25.33752631,32.06155797
3,5,6,41.00653499,35.81038557,38.48976635,35.98253499,30.76038557,37.61976635
4,1,6,22.29397046,16.89023126,19.18130838,17.26997046,11.84023126,18.31130838
4,2,6,27.78330528,21.93641128,24.63925062,22.75930528,16.88641128,23.76925062
4,3,6,33.3109625,26.93190054,30.10085701,28.2869625,21.88190054,29.23085701
4,4,6,38.83814245,32.12837178,35.65024317,33.81414245,27.07837178,34.78024317
4,5,6,44.62985904,37.90037426,41.21786925,39.60585904,32.85037426,40.34786925
5,1,6,26.14014777,19.53548305,22.15368334,21.11614777,14.48548305,21.28368334
5,2,6,31.56129667,24.09508104,27.48028328,26.53729667,19.04508104,26.61028328
5,3,6,37.06769554,29.20765453,32.93938121,32.04369554,24.15765453,32.06938121
5,4,6,42.47327662,34.31967347,38.38862342,37.44927662,29.26967347,37.51862342
5,5,6,47.96824851,39.40435796,43.91916519,42.94424851,34.35435796,43.04916519
7,1,1,30.97550798,21.99804052,24.58877621,25.95150798,16.94804052,23.71877621
7,1,2,31.36229093,22.08974356,25.28697926,26.33829093,17.03974356,24.41697926
7,1,3,32.02364049,22.66055266,26.08921133,26.99964049,17.61055266,25.21921133
7,1,4,32.48533681,23.08875281,26.86443573,27.46133681,18.03875281,25.99443573
7,1,5,33.00158411,23.20459867,27.21372428,27.97758411,18.15459867,26.34372428
7,1,6,33.4939226,23.65207728,27.84999797,28.4699226,18.60207728,26.97999797
7,1,7,33.96731645,23.7880567,28.22233515,28.94331645,18.7380567,27.35233515
7,2,1,36.18511683,26.3930623,30.41681844,31.16111683,21.3430623,29.54681844
7,2,2,36.80648974,26.91154526,30.95459478,31.78248974,21.86154526,30.08459478
7,2,3,37.41878012,27.39290928,31.62678027,32.39478012,22.34290928,30.75678027
7,2,4,37.75913912,27.56844426,31.99135499,32.73513912,22.51844426,31.12135499
7,2,5,38.37168294,27.99883969,32.62565284,33.34768294,22.94883969,31.75565284
7,2,6,38.76125362,28.19811875,33.03112093,33.73725362,23.14811875,32.16112093
7,2,7,39.15975982,28.37821813,33.4990259,34.13575982,23.32821813,32.6290259
7,3,1,41.8673423,31.69879743,35.8348242,36.8433423,26.64879743,34.9648242
7,3,2,42.43483128,31.98012818,36.78912495,37.41083128,26.93012818,35.91912495
7,3,3,42.84705987,32.37521127,37.05460331,37.82305987,27.32521127,36.18460331
7,3,4,43.39117018,32.7026916,37.65047156,38.36717018,27.6526916,36.78047156
7,3,5,43.81417893,32.94127242,38.01811854,38.79017893,27.89127242,37.14811854
7,3,6,44.22692736,33.29951154,38.47584909,39.20292736,28.24951154,37.60584909
7,3,7,44.60832048,33.48954226,38.94936374,39.58432048,28.43954226,38.07936374
7,4,1,47.42946709,36.97253086,41.61531032,42.40546709,31.92253086,40.74531032
7,4,2,47.80214547,37.1704113,42.01684817,42.77814547,32.1204113,41.14684817
7,4,3,48.35594886,37.67319328,42.48951156,43.33194886,32.62319328,41.61951156
7,4,4,48.72798452,37.77249738,42.9662394,43.70398452,32.72249738,42.0962394
7,4,5,49.12818186,38.00680808,43.47776734,44.10418186,32.95680808,42.60776734
7,4,6,49.52570798,38.35391506,43.97235407,44.50170798,33.30391506,43.10235407
7,4,7,50.03104267,38.64823917,44.40856574,45.00704267,33.59823917,43.53856574
7,5,1,52.79244053,41.97513582,47.27225974,47.76844053,36.92513582,46.40225974
7,5,2,53.32755352,42.42366855,47.55708538,48.30355352,37.37366855,46.68708538
7,5,3,53.72736248,42.50790015,48.06269359,48.70336248,37.45790015,47.19269359
7,5,4,54.09542718,42.80937769,48.57479033,49.07142718,37.75937769,47.70479033
7,5,5,54.54235777,43.1328729,49.14658955,49.51835777,38.0828729,48.27658955
7,5,6,55.08884727,43.49163062,49.49386017,50.06484727,38.44163062,48.62386017
7,5,7,55.45915834,43.73562575,49.99456924,50.43515834,38.68562575,49.12456924
7,6,1,58.39090952,47.18298447,52.60242799,53.36690952,42.13298447,51.73242799
7,6,2,58.90608331,47.79043569,53.14085029,53.88208331,42.74043569,52.27085029
7,6,3,59.2559451,47.95453006,53.61882453,54.2319451,42.90453006,52.74882453
7,6,4,59.61002037,48.17433318,54.17381731,54.58602037,43.12433318,53.30381731
7,6,5,60.15994783,48.58742806,54.5909851,55.13594783,43.53742806,53.7209851
7,6,6,60.55294436,48.83290904,55.04875266,55.52894436,43.78290904,54.17875266
7,6,7,60.9556929,49.09801677,55.55591955,55.9316929,44.04801677,54.68591955
7,7,1,63.85396546,52.42835086,58.37891745,58.82996546,47.37835086,57.50891745
7,7,2,64.25705264,52.85009546,58.957207,59.23305264,47.80009546,58.087207
7,7,3,64.66207825,53.08789968,59.47725987,59.63807825,48.03789968,58.60725987
7,7,4,65.13641671,53.49266795,59.68830086,60.11241671,48.44266795,58.81830086
7,7,5,65.62162916,53.80550048,60.26178535,60.59762916,48.75550048,59.39178535
7,7,6,65.95058039,54.07381304,60.68812351,60.92658039,49.02381304,59.81812351
7,7,7,66.45249444,54.37924538,61.02319535,61.42849444,49.32924538,60.15319535
1,7,1,37.51162389,40.58706966,25.72272178,32.48762389,35.53706966,24.85272178
1,7,2,41.26400583,40.77947115,27.89910238,36.24000583,35.72947115,27.02910238
1,7,3,40.76692623,41.20021035,29.75133047,35.74292623,36.15021035,28.88133047
1,7,4,41.87314219,41.48071007,32.87509048,36.84914219,36.43071007,32.00509048
1,7,5,43.82477134,41.81914894,32.87758146,38.80077134,36.76914894,32.00758146
1,7,6,43.52027307,42.20571181,35.12882907,38.49627307,37.15571181,34.25882907
1,7,7,45.81607194,42.16189563,39.1617369,40.79207194,37.11189563,38.2917369
2,7,1,46.64385467,43.07489232,36.18037966,41.61985467,38.02489232,35.31037966
2,7,2,47.31100884,43.68520323,33.92445077,42.28700884,38.63520323,33.05445077
2,7,3,47.62097748,43.86774221,36.59632606,42.59697748,38.81774221,35.72632606
2,7,4,48.03908738,44.07101655,38.350163,43.01508738,39.02101655,37.480163
2,7,5,48.38987937,44.32847332,39.86408374,43.36587937,39.27847332,38.99408374
2,7,6,48.79419464,44.38955826,42.52058979,43.77019464,39.33955826,41.65058979
2,7,7,49.22573184,44.64442918,44.451668,44.20173184,39.59442918,43.581668
3,7,1,50.11243684,45.02681082,42.51267981,45.08843684,39.97681082,41.64267981
3,7,2,50.50617172,45.35255225,45.32903095,45.48217172,40.30255225,44.45903095
3,7,3,51.0364396,45.72684199,44.68544679,46.0124396,40.67684199,43.81544679
3,7,4,51.33984186,45.80435373,48.18339065,46.31584186,40.75435373,47.31339065
3,7,5,51.86236725,46.25962073,47.5394193,46.83836725,41.20962073,46.6694193
3,7,6,51.94766866,45.58393527,49.55111176,46.92366866,40.53393527,48.68111176
3,7,7,52.38202729,46.05142656,49.99443035,47.35802729,41.00142656,49.12443035
4,7,1,53.556397,47.10254994,49.5243005,48.532397,42.05254994,48.6543005
4,7,2,54.06184547,47.46004645,49.62241421,49.03784547,42.41004645,48.75241421
4,7,3,54.36311639,47.43072383,51.08944525,49.33911639,42.38072383,50.21944525
4,7,4,54.73653935,47.29547293,51.41759199,49.71253935,42.24547293,50.54759199
4,7,5,55.20866907,47.98661473,51.94314267,50.18466907,42.93661473,51.07314267
4,7,6,55.59751034,47.95802083,52.43835302,50.57351034,42.90802083,51.56835302
4,7,7,56.08022932,48.26028137,52.83377898,51.05622932,43.21028137,51.96377898
5,7,1,56.90088536,48.6672248,53.0851943,51.87688536,43.6172248,52.2151943
5,7,2,57.35907345,48.92425463,53.23281423,52.33507345,43.87425463,52.36281423
5,7,3,57.7693986,49.26064875,53.84369767,52.7453986,44.21064875,52.97369767
5,7,4,58.0895039,49.33654761,54.19343288,53.0655039,44.28654761,53.32343288
5,7,5,58.50475759,49.63170957,54.72847603,53.48075759,44.58170957,53.85847603
5,7,6,58.95725329,49.9460476,55.03967072,53.93325329,44.8960476,54.16967072
5,7,7,59.39491934,50.33459246,55.58115178,54.37091934,45.28459246,54.71115178
6,7,1,60.52810971,50.69257466,55.75295539,55.50410971,45.64257466,54.88295539
6,7,2,61.02132654,50.95155091,56.08152795,55.99732654,45.90155091,55.21152795
6,7,3,61.39938423,51.25857071,56.53086533,56.37538423,46.20857071,55.66086533
6,7,4,61.72235614,51.47021515,56.99747892,56.69835614,46.42021515,56.12747892
6,7,5,62.27695412,51.8332094,57.38645586,57.25295412,46.7832094,56.51645586
6,7,6,62.64550882,52.13395249,57.88792951,57.62150882,47.08395249,57.01792951
6,7,7,62.96456947,52.38760332,58.30716867,57.94056947,47.33760332,57.43716867
1,1,7,12.23490288,10.75663027,10.83548437,7.210902876,5.706630266,9.965484372
1,2,7,17.69839141,15.71332818,16.56394312,12.67439141,10.66332818,15.69394312
1,3,7,23.33114361,20.95364789,21.93529284,18.30714361,15.90364789,21.06529284
1,4,7,28.9126681,26.28014282,27.06921407,23.8886681,21.23014282,26.19921407
1,5,7,34.61030924,31.67093315,29.27966909,29.58630924,26.62093315,28.40966909
1,6,7,40.06432241,36.98421248,36.94950384,35.04032241,31.93421248,36.07950384
2,1,7,15.68844454,13.05819091,13.91941434,10.66444454,8.008190905,13.04941434
2,2,7,21.16678788,18.06250246,19.41816001,16.14278788,13.01250246,18.54816001
2,3,7,26.58436001,22.90441169,25.03840575,21.56036001,17.85441169,24.16840575
2,4,7,32.27563236,28.49668672,30.54149908,27.25163236,23.44668672,29.67149908
2,5,7,37.67560336,33.61950961,36.11562549,32.65160336,28.56950961,35.24562549
2,6,7,43.4850941,39.19145342,41.10529186,38.4610941,34.14145342,40.23529186
3,1,7,19.34196477,15.3814356,16.75451038,14.31796477,10.3314356,15.88451038
3,2,7,24.71445676,20.11685373,22.3728581,19.69045676,15.06685373,21.5028581
3,3,7,30.27633521,25.30832555,27.76794512,25.25233521,20.25832555,26.89794512
3,4,7,35.7266562,30.16716813,33.33034932,30.7026562,25.11716813,32.46034932
3,5,7,41.38210308,35.77008017,38.87211897,36.35810308,30.72008017,38.00211897
3,6,7,46.89062411,41.05317636,44.425018,41.86662411,36.00317636,43.555018
4,1,7,22.68805417,16.99718481,19.78152724,17.66405417,11.94718481,18.91152724
4,2,7,28.35199899,22.36631281,25.05282198,23.32799899,17.31631281,24.18282198
4,3,7,33.71916843,27.26274404,30.64293256,28.69516843,22.21274404,29.77293256
4,4,7,39.36987507,32.49978007,36.0773437,34.34587507,27.44978007,35.2073437
4,5,7,44.88497729,37.54697513,41.58617261,39.86097729,32.49697513,40.71617261
4,6,7,50.48763635,43.16295199,47.21334074,45.46363635,38.11295199,46.34334074
5,1,7,26.64353461,19.68636431,22.51421397,21.61953461,14.63636431,21.64421397
5,2,7,31.97850449,24.36720176,28.06008729,26.95450449,19.31720176,27.19008729
5,3,7,37.52136595,29.67415398,33.34529145,32.49736595,24.62415398,32.47529145
5,4,7,42.89966678,34.62869732,38.83580922,37.87566678,29.57869732,37.96580922
5,5,7,48.39036412,39.77196079,44.37117199,43.36636412,34.72196079,43.50117199
5,6,7,53.96902363,45.181621,49.96362654,48.94502363,40.131621,49.09362654
6,1,7,30.01285112,21.22808197,25.52638266,24.98885112,16.17808197,24.65638266
6,2,7,35.65966599,26.56993108,30.73474517,30.63566599,21.51993108,29.86474517
6,3,7,41.12089001,31.5337716,36.17338737,36.09689001,26.4837716,35.30338737
6,4,7,46.6096426,36.64877206,41.65091719,41.5856426,31.59877206,40.78091719
6,5,7,52.12137366,41.940477,47.15257794,47.09737366,36.890477,46.28257794
6,6,7,57.48255893,47.0943055,52.78718773,52.45855893,42.0443055,51.91718773
8,1,1,34.57157445,23.77097849,27.76360214,29.54757445,18.72097849,26.89360214
8,1,2,35.2388414,24.35693726,28.31278391,30.2148414,19.30693726,27.44278391
8,1,3,35.64249056,24.82188541,29.04198155,30.61849056,19.77188541,28.17198155
8,1,4,36.23788917,24.9310816,29.51448825,31.21388917,19.8810816,28.64448825
8,1,5,36.61574204,25.37012655,29.99488842,31.59174204,20.32012655,29.12488842
8,1,6,37.21083846,25.52785005,30.55907875,32.18683846,20.47785005,29.68907875
8,1,7,37.58357188,25.67443359,31.04215261,32.55957188,20.62443359,30.17215261
8,1,8,37.9650089,25.8568546,31.50137303,32.9410089,20.8068546,30.63137303
8,2,1,40.05919159,28.71355498,33.44041008,35.03519159,23.66355498,32.57041008
8,2,2,40.45557683,29.03503301,34.33326263,35.43157683,23.98503301,33.46326263
8,2,3,41.05927705,29.40771994,34.49626896,36.03527705,24.35771994,33.62626896
8,2,4,41.45746189,29.69620727,35.11696652,36.43346189,24.64620727,34.24696652
8,2,5,42.0542644,30.0582688,35.4868344,37.0302644,25.0082688,34.6168344
8,2,6,42.57102521,30.44518679,35.91549605,37.54702521,25.39518679,35.04549605
8,2,7,42.9896223,30.73238722,36.42338358,37.9656223,25.68238722,35.55338358
8,2,8,43.52626348,31.09670649,36.86479294,38.50226348,26.04670649,35.99479294
8,3,1,45.52230917,33.77162389,39.08104661,40.49830917,28.72162389,38.21104661
8,3,2,46.10652636,34.13280774,39.43560996,41.08252636,29.08280774,38.56560996
8,3,3,46.47423094,34.37538664,39.9615083,41.45023094,29.32538664,39.0915083
8,3,4,47.01726913,34.71680495,40.3867374,41.99326913,29.66680495,39.5167374
8,3,5,47.47735903,35.12890588,40.87783778,42.45335903,30.07890588,40.00783778
8,3,6,47.86769685,35.32922072,41.39734573,42.84369685,30.27922072,40.52734573
8,3,7,48.40047928,35.67344344,41.79926672,43.37647928,30.62344344,40.92926672
8,3,8,48.83041073,35.97080912,42.32105389,43.80641073,30.92080912,41.45105389
8,4,1,51.01353255,38.77328538,44.39494076,45.98953255,33.72328538,43.52494076
8,4,2,51.61094867,39.34682095,44.88106769,46.58694867,34.29682095,44.01106769
8,4,3,52.01651434,39.56514954,45.36166778,46.99251434,34.51514954,44.49166778
8,4,4,52.39186472,39.72409303,45.93581796,47.36786472,34.67409303,45.06581796
8,4,5,52.77823778,40.03475331,46.50795999,47.75423778,34.98475331,45.63795999
8,4,6,53.32767959,40.4162921,46.8302605,48.30367959,35.3662921,45.9602605
8,4,7,53.7309263,40.68873375,47.33843983,48.7069263,35.63873375,46.46843983
8,4,8,54.16239529,40.96805973,47.87698592,49.13839529,35.91805973,47.00698592
8,5,1,56.57584746,44.2056945,50.27905045,51.55184746,39.1556945,49.40905045
8,5,2,57.13236797,44.53904438,50.45608262,52.10836797,39.48904438,49.58608262
8,5,3,57.55657216,44.93874765,51.01016664,52.53257216,39.88874765,50.14016664
8,5,4,57.95307395,45.1979996,51.5403507,52.92907395,40.1479996,50.6703507
8,5,5,58.47329534,45.47605017,51.89366813,53.44929534,40.42605017,51.02366813
8,5,6,58.87070267,45.78163918,52.39709497,53.84670267,40.73163918,51.52709497
8,5,7,59.26151175,45.99143899,52.88020948,54.23751175,40.94143899,52.01020948
8,5,8,59.77250681,46.38772194,53.29845839,54.74850681,41.33772194,52.42845839
8,6,1,62.16802839,49.53580593,55.61100305,57.14402839,44.48580593,54.74100305
8,6,2,62.50166883,49.62488686,56.21329823,57.47766883,44.57488686,55.34329823
8,6,3,62.94158852,50.04319103,56.8515684,57.91758852,44.99319103,55.9815684
8,6,4,63.43053861,50.30687117,57.02754731,58.40653861,45.25687117,56.15754731
8,6,5,63.88675946,50.64791026,57.58337888,58.86275946,45.59791026,56.71337888
8,6,6,64.252676,50.96013516,58.10218647,59.228676,45.91013516,57.23218647
8,6,7,64.79038065,51.2812293,58.41259466,59.76638065,46.2312293,57.54259466
8,6,8,65.19347533,51.61018738,58.9133489,60.16947533,46.56018738,58.0433489
8,7,1,67.64596896,54.7310282,61.24924743,62.62196896,49.6810282,60.37924743
8,7,2,68.01159731,55.0405589,61.75392731,62.98759731,49.9905589,60.88392731
8,7,3,68.59855461,55.35645714,62.09211598,63.57455461,50.30645714,61.22211598
8,7,4,68.94556783,55.6607579,62.57423512,63.92156783,50.6107579,61.70423512
8,7,5,69.3240068,55.9497551,63.13709261,64.3000068,50.8997551,62.26709261
8,7,6,69.90374619,56.33004774,63.47667998,64.87974619,51.28004774,62.60667998
8,7,7,70.34989121,56.62757683,64.00588364,65.32589121,51.57757683,63.13588364
8,7,8,70.78827805,56.94802063,64.32748983,65.76427805,51.89802063,63.45748983
8,8,1,73.16024656,60.03778663,67.00524241,68.13624656,54.98778663,66.13524241
8,8,2,73.69094036,60.38523744,67.24332457,68.66694036,55.33523744,66.37332457
8,8,3,74.07744725,60.74372391,67.73268964,69.05344725,55.69372391,66.86268964
8,8,4,74.54108377,61.05802397,68.17387264,69.51708377,56.00802397,67.30387264
8,8,5,75.0129929,61.39960916,68.55915124,69.9889929,56.34960916,67.68915124
8,8,6,75.44183656,61.69780311,69.08262296,70.41783656,56.64780311,68.21262296
8,8,7,75.96931466,62.09862421,69.51283739,70.94531466,57.04862421,68.64283739
8,8,8,76.40803241,62.33081768,69.96970517,71.38403241,57.28081768,69.09970517
1,8,1,40.44861331,46.10519001,26.96615038,35.42461331,41.05519001,26.09615038
1,8,2,42.9563988,46.37370263,27.94694182,37.9323988,41.32370263,27.07694182
1,8,3,42.65796879,46.73907755,30.87532564,37.63396879,41.68907755,30.00532564
1,8,4,46.95284001,46.84824818,33.2440938,41.92884001,41.79824818,32.3740938
1,8,5,47.11829133,47.25918541,35.86699018,42.09429133,42.20918541,34.99699018
1,8,6,48.88636076,47.55072983,36.05976299,43.86236076,42.50072983,35.18976299
1,8,7,51.45863936,47.36789857,43.8069616,46.43463936,42.31789857,42.9369616
1,8,8,51.6790749,47.2284769,50.7389696,46.6550749,42.1784769,49.8689696
2,8,1,51.6393364,48.60440451,38.68356627,46.6153364,43.55440451,37.81356627
2,8,2,52.31110518,48.81055358,42.31096427,47.28710518,43.76055358,41.44096427
2,8,3,53.34882791,49.16767187,40.72881152,48.32482791,44.11767187,39.85881152
2,8,4,53.68468516,49.31050396,44.07229725,48.66068516,44.26050396,43.20229725
2,8,5,54.03838218,49.46358445,48.08999718,49.01438218,44.41358445,47.21999718
2,8,6,54.52818464,49.7345056,47.23233788,49.50418464,44.6845056,46.36233788
2,8,7,54.4705634,49.21248491,52.90689553,49.4465634,44.16248491,52.03689553
2,8,8,55.16853624,49.6857233,53.532974,50.14453624,44.6357233,52.662974
3,8,1,55.91627782,50.91740035,44.1943516,50.89227782,45.86740035,43.3243516
3,8,2,56.19999165,51.08453669,46.08262725,51.17599165,46.03453669,45.21262725
3,8,3,56.60713712,51.13086445,50.29511047,51.58313712,46.08086445,49.42511047
3,8,4,56.99793288,51.33877851,50.65551229,51.97393288,46.28877851,49.78551229
3,8,5,57.37796188,51.32436009,53.51734716,52.35396188,46.27436009,52.64734716
3,8,6,57.60022952,51.09775193,55.29887978,52.57622952,46.04775193,54.42887978
3,8,7,57.93340057,51.37546044,55.56437551,52.90940057,46.32546044,54.69437551
3,8,8,58.3793309,51.83039148,56.07336751,53.3553309,46.78039148,55.20336751
4,8,1,59.20150378,52.59496648,53.43193108,54.17750378,47.54496648,52.56193108
4,8,2,59.84923899,53.08981203,53.49020702,54.82523899,48.03981203,52.62020702
4,8,3,60.01951829,52.50026861,56.71628313,54.99551829,47.45026861,55.84628313
4,8,4,60.2602369,52.73023864,57.13186468,55.2362369,47.68023864,56.26186468
4,8,5,60.61589549,52.84122009,57.61606396,55.59189549,47.79122009,56.74606396
4,8,6,61.15429682,53.32232013,58.05051986,56.13029682,48.27232013,57.18051986
4,8,7,61.61871492,53.71467724,58.55096813,56.59471492,48.66467724,57.68096813
4,8,8,61.86740104,54.02230341,58.92620127,56.84340104,48.97230341,58.05620127
5,8,1,62.72752176,54.1155771,58.68446567,57.70352176,49.0655771,57.81446567
5,8,2,63.07117966,54.37064915,59.03944974,58.04717966,49.32064915,58.16944974
5,8,3,63.29422382,54.44725651,59.38885187,58.27022382,49.39725651,58.51885187
5,8,4,63.72215384,54.66287149,59.90601673,58.69815384,49.61287149,59.03601673
5,8,5,64.24709286,54.94181929,60.31716852,59.22309286,49.89181929,59.44716852
5,8,6,64.75835387,55.61697735,60.85421253,59.73435387,50.56697735,59.98421253
5,8,7,64.93748296,55.71377286,61.18215078,59.91348296,50.66377286,60.31215078
5,8,8,65.51010931,56.09593808,61.63852556,60.48610931,51.04593808,60.76852556
6,8,1,66.11129663,55.8127989,61.3219969,61.08729663,50.7627989,60.4519969
6,8,2,66.38658909,56.13825488,61.7909166,61.36258909,51.08825488,60.9209166
6,8,3,66.83336488,56.55809235,62.3278318,61.80936488,51.50809235,61.4578318
6,8,4,67.34161286,56.90730748,62.63756445,62.31761286,51.85730748,61.76756445
6,8,5,67.77082417,57.18859518,63.19069704,62.74682417,52.13859518,62.32069704
6,8,6,68.07475459,57.45097704,63.62134857,63.05075459,52.40097704,62.75134857
6,8,7,68.62477979,57.84756129,63.97701436,63.60077979,52.79756129,63.10701436
6,8,8,68.96754369,58.11544343,64.48902841,63.94354369,53.06544343,63.61902841
7,8,1,69.40673669,57.98712976,64.18929633,64.38273669,52.93712976,63.31929633
7,8,2,69.92455131,58.19820505,64.66679517,64.90055131,53.14820505,63.79679517
7,8,3,70.38897803,58.46679204,64.87545691,65.36497803,53.41679204,64.00545691
7,8,4,70.73768715,58.86800098,65.3572435,65.71368715,53.81800098,64.4872435
7,8,5,71.09147511,59.20816961,65.83437929,66.06747511,54.15816961,64.96437929
7,8,6,71.67120598,59.53728224,66.20393503,66.64720598,54.48728224,65.33393503
7,8,7,72.06361502,59.81353249,66.6964531,67.03961502,54.76353249,65.8264531
7,8,8,72.5291546,60.17846461,67.05188323,67.5051546,55.12846461,66.18188323
1,1,8,12.7271187,10.9175029,11.38898101,7.7031187,5.867502897,10.51898101
1,2,8,18.1601411,16.14157968,17.21565543,13.1361411,11.09157968,16.34565543
1,3,8,23.79775993,21.41319805,22.61285248,18.77375993,16.36319805,21.74285248
1,4,8,29.38146909,26.66908696,27.40517145,24.35746909,21.61908696,26.53517145
1,5,8,34.96794324,32.01129394,31.05565246,29.94394324,26.96129394,30.18565246
1,6,8,40.66969131,37.44540503,34.80759761,35.64569131,32.39540503,33.93759761
1,7,8,46.28169718,42.56539658,38.62791694,41.25769718,37.51539658,37.75791694
2,1,8,16.09397614,13.20723198,14.44866198,11.06997614,8.157231976,13.57866198
2,2,8,21.56197232,18.24690444,19.94829627,16.53797232,13.19690444,19.07829627
2,3,8,27.11632405,23.17469497,25.45916341,22.09232405,18.12469497,24.58916341
2,4,8,32.65430872,28.6723506,31.05346598,27.63030872,23.6223506,30.18346598
2,5,8,38.29406866,34.12952706,36.51797592,33.27006866,29.07952706,35.64797592
2,6,8,43.88134834,39.18535936,42.20459028,38.85734834,34.13535936,41.33459028
2,7,8,49.51972536,44.71032748,47.34767192,44.49572536,39.66032748,46.47767192
3,1,8,19.82082808,15.81691613,17.35830704,14.79682808,10.76691613,16.48830704
3,2,8,25.2686115,20.50599356,22.78180965,20.2446115,15.45599356,21.91180965
3,3,8,30.78820839,25.66504636,28.28705358,25.76420839,20.61504636,27.41705358
3,4,8,36.26204624,30.6568301,33.76896646,31.23804624,25.6068301,32.89896646
3,5,8,41.81412351,36.23819483,39.30677643,36.79012351,31.18819483,38.43677643
3,6,8,47.23183444,41.17064932,44.8414711,42.20783444,36.12064932,43.9714711
3,7,8,52.93430428,46.60544435,50.50575695,47.91030428,41.55544435,49.63575695
4,1,8,23.29587061,17.52030939,20.17627087,18.27187061,12.47030939,19.30627087
4,2,8,28.76262502,22.6335733,25.6059904,23.73862502,17.5835733,24.7359904
4,3,8,34.22063067,27.49388078,31.07057688,29.19663067,22.44388078,30.20057688
4,4,8,39.89147905,32.86183744,36.55112664,34.86747905,27.81183744,35.68112664
4,5,8,45.2863214,37.88332936,42.07615638,40.2623214,32.83332936,41.20615638
4,6,8,50.89217135,43.29853194,47.6456568,45.86817135,38.24853194,46.7756568
4,7,8,56.522024,48.72624571,53.32403989,51.498024,43.67624571,52.45403989
5,1,8,27.11890374,20.09771596,23.08220211,22.09490374,15.04771596,22.21220211
5,2,8,32.53140717,24.71815562,28.45190038,27.50740717,19.66815562,27.58190038
5,3,8,37.93013025,29.9888228,33.79564917,32.90613025,24.9388228,32.92564917
5,4,8,43.29406137,34.86621454,39.29642551,38.27006137,29.81621454,38.42642551
5,5,8,48.95847727,40.25540668,44.87181756,43.93447727,35.20540668,44.00181756
5,6,8,54.37954316,45.41781002,50.39854107,49.35554316,40.36781002,49.52854107
5,7,8,59.85157798,50.63721667,56.0816438,54.82757798,45.58721667,55.2116438
6,1,8,30.60735912,21.72562968,25.88318604,25.58335912,16.67562968,25.01318604
6,2,8,36.19865392,26.92113754,31.2065002,31.17465392,21.87113754,30.3365002
6,3,8,41.51359215,31.70080054,36.67752922,36.48959215,26.65080054,35.80752922
6,4,8,47.14212315,37.30394469,42.14879303,42.11812315,32.25394469,41.27879303
6,5,8,52.50648638,42.21194624,47.65551244,47.48248638,37.16194624,46.78551244
6,6,8,57.90807678,47.37810458,53.29816952,52.88407678,42.32810458,52.42816952
6,7,8,63.5679251,52.77485718,58.78086372,58.5439251,47.72485718,57.91086372
7,1,8,34.34666144,23.89143862,28.63659533,29.32266144,18.84143862,27.76659533
7,2,8,39.57188794,28.6281684,34.03269369,34.54788794,23.5781684,33.16269369
7,3,8,45.16262664,33.93374533,39.40698867,40.13862664,28.88374533,38.53698867
7,4,8,50.50650699,38.93827887,44.89916239,45.48250699,33.88827887,44.02916239
7,5,8,55.90993071,44.06964015,50.51290814,50.88593071,39.01964015,49.64290814
7,6,8,61.51893367,49.48734802,55.94281942,56.49493367,44.43734802,55.07281942
7,7,8,66.9083824,54.73180066,61.59774433,61.8843824,49.68180066,60.72774433
9,1,1,38.05720916,25.63141953,30.78441888,33.03320916,20.58141953,29.91441888
9,1,2,38.46832151,25.79808673,31.73255602,33.44432151,20.74808673,30.86255602
9,1,3,39.12995109,26.31779571,31.8246326,34.10595109,21.26779571,30.9546326
9,1,4,39.49914904,26.43985889,32.55689102,34.47514904,21.38985889,31.68689102
9,1,5,40.1448876,26.98347285,32.88922648,35.1208876,21.93347285,32.01922648
9,1,6,40.7315619,27.43648827,33.39691424,35.7075619,22.38648827,32.52691424
9,1,7,41.32116443,27.92796891,33.89634783,36.29716443,22.87796891,33.02634783
9,1,8,41.65070055,28.04950899,34.29320869,36.62670055,22.99950899,33.42320869
9,1,9,42.24956574,28.50185553,34.80687455,37.22556574,23.45185553,33.93687455
9,2,1,43.51152194,30.73040307,36.45571152,38.48752194,25.68040307,35.58571152
9,2,2,44.14399388,31.16541799,36.70936664,39.11999388,26.11541799,35.83936664
9,2,3,44.54198327,31.42054011,37.36468359,39.51798327,26.37054011,36.49468359
9,2,4,45.13422141,31.77646328,37.7971831,40.11022141,26.72646328,36.9271831
9,2,5,45.71764247,32.17945074,38.31677713,40.69364247,27.12945074,37.44677713
9,2,6,46.23630147,32.44549813,38.82725727,41.21230147,27.39549813,37.95725727
9,2,7,46.65729913,32.8339986,39.23475107,41.63329913,27.7839986,38.36475107
9,2,8,47.1778871,33.07608602,39.72009827,42.1538871,28.02608602,38.85009827
9,2,9,47.63698521,33.38477474,40.23217769,42.61298521,28.33477474,39.36217769
9,3,1,49.20293637,35.87408036,41.54473087,44.17893637,30.82408036,40.67473087
9,3,2,49.57236005,36.15719597,42.10578925,44.54836005,31.10719597,41.23578925
9,3,3,50.19010387,36.62300842,42.72395754,45.16610387,31.57300842,41.85395754
9,3,4,50.71747867,36.78387912,43.26771821,45.69347867,31.73387912,42.39771821
9,3,5,51.158241,37.03805591,43.8418256,46.134241,31.98805591,42.9718256
9,3,6,51.66277076,37.42801037,44.19800538,46.63877076,32.37801037,43.32800538
9,3,7,52.12987079,37.67467313,44.71917657,47.10587079,32.62467313,43.84917657
9,3,8,52.53187278,37.95616259,45.2257214,47.50787278,32.90616259,44.3557214
9,3,9,53.03392929,38.36439471,45.61400082,48.00992929,33.31439471,44.74400082
9,4,1,54.50060725,40.91710564,47.45484001,49.47660725,35.86710564,46.58484001
9,4,2,55.09258202,41.27666484,47.70345423,50.06858202,36.22666484,46.83345423
9,4,3,55.68405119,41.74275094,48.27152237,50.66005119,36.69275094,47.40152237
9,4,4,56.19014358,42.03099925,48.79146303,51.16614358,36.98099925,47.92146303
9,4,5,56.59350892,42.3711739,49.13938804,51.56950892,37.3211739,48.26938804
9,4,6,57.1165444,42.64255582,49.64785753,52.0925444,37.59255582,48.77785753
9,4,7,57.54264124,42.86208996,50.16095088,52.51864124,37.81208996,49.29095088
9,4,8,58.02990014,43.28396951,50.57089228,53.00590014,38.23396951,49.70089228
9,4,9,58.49502405,43.56650936,51.07004096,53.47102405,38.51650936,50.20004096
9,5,1,60.10087461,46.11741002,52.63191406,55.07687461,41.06741002,51.76191406
9,5,2,60.72584001,46.4977899,53.32806705,55.70184001,41.4477899,52.45806705
9,5,3,61.17274279,46.78654684,53.95733546,56.14874279,41.73654684,53.08733546
9,5,4,61.67544722,47.17923089,54.26223965,56.65144722,42.12923089,53.39223965
9,5,5,62.1256944,47.45587107,54.76754628,57.1016944,42.40587107,53.89754628
9,5,6,62.50350458,47.69826402,55.29655786,57.47950458,42.64826402,54.42655786
9,5,7,63.04253325,48.10769067,55.60579047,58.01853325,43.05769067,54.73579047
9,5,8,63.45821942,48.35847382,56.1738523,58.43421942,43.30847382,55.3038523
9,5,9,63.95202117,48.75598097,56.5401284,58.92802117,43.70598097,55.6701284
9,6,1,65.76261682,51.67012318,58.34247854,60.73861682,46.62012318,57.47247854
9,6,2,66.24041995,51.77883512,58.891353,61.21641995,46.72883512,58.021353
9,6,3,66.67078266,52.22742308,59.25566075,61.64678266,47.17742308,58.38566075
9,6,4,67.12849644,52.41353216,59.75454776,62.10449644,47.36353216,58.88454776
9,6,5,67.60745514,52.70985036,60.31012085,62.58345514,47.65985036,59.44012085
9,6,6,68.03919594,53.0705424,60.63124185,63.01519594,48.0205424,59.76124185
9,6,7,68.52644995,53.40034953,61.15852826,63.50244995,48.35034953,60.28852826
9,6,8,68.99928328,53.77262923,61.57599768,63.97528328,48.72262923,60.70599768
9,6,9,69.44491207,54.05703546,62.05750067,64.42091207,49.00703546,61.18750067
9,7,1,71.16612612,56.65110944,63.84918343,66.14212612,51.60110944,62.97918343
9,7,2,71.59054849,57.09329293,64.29407106,66.56654849,52.04329293,63.42407106
9,7,3,72.14119589,57.46717741,64.77119716,67.11719589,52.41717741,63.90119716
9,7,4,72.66497206,57.77552204,65.32566162,67.64097206,52.72552204,64.45566162
9,7,5,73.1090767,58.09878147,65.69925703,68.0850767,53.04878147,64.82925703
9,7,6,73.64535673,58.51892042,66.2841151,68.62135673,53.46892042,65.4141151
9,7,7,74.01952464,58.77049193,66.63066852,68.99552464,53.72049193,65.76066852
9,7,8,74.52493436,59.04904098,67.13426016,69.50093436,53.99904098,66.26426016
9,8,1,76.17951759,61.63378328,69.30617352,71.15551759,56.58378328,68.43617352
9,8,2,77.11598273,62.39856134,69.89174893,72.09198273,57.34856134,69.02174893
9,8,3,77.67083308,62.78535798,70.32564417,72.64683308,57.73535798,69.45564417
9,8,4,78.11493184,63.05562139,70.82278238,73.09093184,58.00562139,69.95278238
9,8,5,78.62309566,63.42530172,71.28844767,73.59909566,58.37530172,70.41844767
9,8,6,79.03509543,63.71561756,71.7469103,74.01109543,58.66561756,70.8769103
9,8,7,79.63883053,64.12249466,72.2808526,74.61483053,59.07249466,71.4108526
9,9,1,81.69943776,66.99158776,74.58263251,76.67543776,61.94158776,73.71263251
9,9,2,82.72361568,67.79339336,75.65992336,77.69961568,62.74339336,74.78992336
9,9,3,83.21119998,68.14599374,76.00579726,78.18719998,63.09599374,75.13579726
9,9,4,83.7176351,68.46055293,76.50295777,78.6936351,63.41055293,75.63295777
9,9,5,84.09934782,68.80252943,76.85459386,79.07534782,63.75252943,75.98459386
9,9,6,84.64148573,69.14463602,77.36435606,79.61748573,64.09463602,76.49435606
1,9,1,41.06888532,50.83753507,27.82033092,36.04488532,45.78753507,26.95033092
1,9,2,42.4926747,51.68839253,33.81352989,37.4686747,46.63839253,32.94352989
1,9,3,45.63415866,52.05518366,33.73844857,40.61015866,47.00518366,32.86844857
1,9,4,46.1706043,52.36499566,36.09987284,41.1466043,47.31499566,35.22987284
1,9,5,50.79339963,52.65520607,39.66296044,45.76939963,47.60520607,38.79296044
1,9,6,52.06489625,52.88116313,38.87927165,47.04089625,47.83116313,38.00927165
1,9,7,57.03941792,52.53708094,47.69684282,52.01541792,47.48708094,46.82684282
1,9,8,57.20446187,52.30568646,54.39601481,52.18046187,47.25568646,53.52601481
1,9,9,57.74101873,53.02620399,55.2746877,52.71701873,47.97620399,54.4046877
2,9,1,57.63337961,53.80413474,44.49539823,52.60937961,48.75413474,43.62539823
2,9,2,58.78382517,54.06620532,41.72173191,53.75982517,49.01620532,40.85173191
2,9,3,58.28876516,54.53937158,43.29995688,53.26476516,49.48937158,42.42995688
2,9,4,59.45815144,54.9780335,43.32861518,54.43415144,49.9280335,42.45861518
2,9,5,59.70630967,54.8676652,49.64682453,54.68230967,49.8176652,48.77682453
2,9,6,59.71654861,54.27852449,58.23817575,54.69254861,49.22852449,57.36817575
2,9,7,60.21445679,54.5254141,58.69038726,55.19045679,49.4754141,57.82038726
2,9,8,60.71065489,55.39173553,55.35300641,55.68665489,50.34173553,54.48300641
2,9,9,60.92366579,55.51825179,59.4785281,55.89966579,50.46825179,58.6085281
3,9,1,61.3434395,55.9581346,52.35424041,56.3194395,50.9081346,51.48424041
3,9,2,61.76458583,56.31212367,51.38589891,56.74058583,51.26212367,50.51589891
3,9,3,62.17878964,56.59173001,54.32835278,57.15478964,51.54173001,53.45835278
3,9,4,62.35712638,56.60869479,58.65611356,57.33312638,51.55869479,57.78611356
3,9,5,62.65180883,56.34613196,60.3728199,57.62780883,51.29613196,59.5028199
3,9,6,63.09407419,56.43192128,60.83605427,58.07007419,51.38192128,59.96605427
3,9,7,63.58497863,56.86112377,61.32300823,58.56097863,51.81112377,60.45300823
3,9,8,63.7719045,57.21346665,61.60648675,58.7479045,52.16346665,60.73648675
3,9,9,64.37278083,57.54682938,62.05754925,59.34878083,52.49682938,61.18754925
4,9,1,64.557832,57.25921819,61.5964858,59.533832,52.20921819,60.7264858
4,9,2,65.0524556,57.6656039,61.87025168,60.0284556,52.6156039,61.00025168
4,9,3,65.42881672,57.6900832,62.25037392,60.40481672,52.6400832,61.38037392
4,9,4,65.8232271,57.95346432,62.7158758,60.7992271,52.90346432,61.8458758
4,9,5,66.27898514,58.36513873,63.1347653,61.25498514,53.31513873,62.2647653
4,9,6,66.74332474,58.56321439,63.65518385,61.71932474,53.51321439,62.78518385
4,9,7,67.06407352,58.93004268,64.09130206,62.04007352,53.88004268,63.22130206
4,9,8,67.59155555,59.33362556,64.50139672,62.56755555,54.28362556,63.63139672
4,9,9,68.01173,59.57607049,64.9743451,62.98773,54.52607049,64.1043451
5,9,1,67.93168607,59.19138431,64.03211845,62.90768607,54.14138431,63.16211845
5,9,2,68.43734888,59.41048262,64.70751683,63.41334888,54.36048262,63.83751683
5,9,3,68.73990466,59.83182469,65.15534264,63.71590466,54.78182469,64.28534264
5,9,4,69.23288945,60.03970455,65.46794249,64.20888945,54.98970455,64.59794249
5,9,5,69.58671911,60.5031572,65.91193544,64.56271911,55.4531572,65.04193544
5,9,6,69.98283736,60.82442181,66.39053746,64.95883736,55.77442181,65.52053746
5,9,7,70.45127542,61.11999769,66.72764538,65.42727542,56.06999769,65.85764538
5,9,8,70.85829731,61.42520561,67.20079529,65.83429731,56.37520561,66.33079529
5,9,9,71.36701572,61.76500548,67.59939571,66.34301572,56.71500548,66.72939571
6,9,1,71.51343781,61.30511844,66.81240452,66.48943781,56.25511844,65.94240452
6,9,2,71.88558616,61.59720157,67.38980207,66.86158616,56.54720157,66.51980207
6,9,3,72.34111857,61.93429647,67.65533664,67.31711857,56.88429647,66.78533664
6,9,4,72.77829755,62.19844425,68.18190168,67.75429755,57.14844425,67.31190168
6,9,5,73.18931946,62.59031439,68.69445434,68.16531946,57.54031439,67.82445434
6,9,6,73.66746337,62.85325591,69.03454169,68.64346337,57.80325591,68.16454169
6,9,7,74.09051374,63.13388646,69.51910183,69.06651374,58.08388646,68.64910183
6,9,8,74.53920454,63.5184823,69.84621135,69.51520454,58.4684823,68.97621135
6,9,9,75.06978349,63.75327319,70.44223293,70.04578349,58.70327319,69.57223293
7,9,1,74.88082465,63.25564292,69.72799948,69.85682465,58.20564292,68.85799948
7,9,2,75.43764452,63.62948446,69.90982563,70.41364452,58.57948446,69.03982563
7,9,3,75.88257726,63.83864275,70.50154386,70.85857726,58.78864275,69.63154386
7,9,4,76.231521,64.30933384,70.96147426,71.207521,59.25933384,70.09147426
7,9,5,76.75968759,64.70577128,71.3027193,71.73568759,59.65577128,70.4327193
7,9,6,77.14624807,64.95986445,71.78356189,72.12224807,59.90986445,70.91356189
7,9,7,77.70526594,65.32613612,72.18873591,72.68126594,60.27613612,71.31873591
7,9,8,78.13221241,65.56413215,72.69396619,73.10821241,60.51413215,71.82396619
7,9,9,78.49955127,65.91561419,72.95798967,73.47555127,60.86561419,72.08798967
8,9,1,78.6659382,65.37546036,72.38516877,73.6419382,60.32546036,71.51516877
8,9,2,79.18604218,65.82611812,72.81288887,74.16204218,60.77611812,71.94288887
8,9,3,79.57111171,66.11441781,73.28761998,74.54711171,61.06441781,72.41761998
8,9,4,80.14701751,66.44306685,73.68695182,75.12301751,61.39306685,72.81695182
8,9,5,80.5557064,66.74397989,74.17258588,75.5317064,61.69397989,73.30258588
8,9,6,81.1027773,67.09781381,74.63703841,76.0787773,62.04781381,73.76703841
8,9,7,81.47655992,67.3416179,75.03419135,76.45255992,62.2916179,74.16419135
8,9,8,81.94986806,67.67081168,75.44231915,76.92586806,62.62081168,74.57231915
8,9,9,82.23989075,67.98571997,75.71806536,77.21589075,62.93571997,74.84806536
1,1,9,13.17949329,11.45413234,12.08440294,8.155493287,6.404132339,11.21440294
1,2,9,18.58958224,16.40509233,17.7469008,13.56558224,11.35509233,16.8769008
1,3,9,24.25982103,21.72441178,23.24449268,19.23582103,16.67441178,22.37449268
1,4,9,29.75959244,26.9911305,28.50803472,24.73559244,21.9411305,27.63803472
1,5,9,35.42078167,32.34121642,31.34409536,30.39678167,27.29121642,30.47409536
1,6,9,41.11976656,37.74496306,35.43328592,36.09576656,32.69496306,34.56328592
1,7,9,46.49024581,42.10728721,44.77140752,41.46624581,37.05728721,43.90140752
1,8,9,52.47107252,48.23083095,41.95685917,47.44707252,43.18083095,41.08685917
2,1,9,16.50027341,13.38175631,14.98266037,11.47627341,8.331756307,14.11266037
2,2,9,22.13449499,18.73875407,20.42633367,17.11049499,13.68875407,19.55633367
2,3,9,27.5602216,23.70132796,25.96393811,22.5362216,18.65132796,25.09393811
2,4,9,33.14620837,29.12167524,31.48345384,28.12220837,24.07167524,30.61345384
2,5,9,38.83889172,34.6500001,36.86493678,33.81489172,29.6000001,35.99493678
2,6,9,44.40349703,39.8830663,42.44335953,39.37949703,34.8330663,41.57335953
2,7,9,49.80840319,44.61017051,48.17776327,44.78440319,39.56017051,47.30776327
2,8,9,55.60853663,50.24976254,53.61561854,50.58453663,45.19976254,52.74561854
3,1,9,20.28791204,15.90819149,17.76942729,15.26391204,10.85819149,16.89942729
3,2,9,25.6830387,20.76222318,23.3274076,20.6590387,15.71222318,22.4574076
3,3,9,31.22502079,26.0090779,28.72952719,26.20102079,20.9590779,27.85952719
3,4,9,36.73058203,31.21908775,34.20594102,31.70658203,26.16908775,33.33594102
3,5,9,42.18469408,36.44153689,39.69582902,37.16069408,31.39153689,38.82582902
3,6,9,47.77475447,41.83691427,45.310645,42.75075447,36.78691427,44.440645
3,7,9,53.33391295,47.16001823,50.88244968,48.30991295,42.11001823,50.01244968
3,8,9,58.61334538,52.10096515,56.3691234,53.58934538,47.05096515,55.4991234
4,1,9,23.7026878,17.69533726,20.72349571,18.6786878,12.64533726,19.85349571
4,2,9,29.31968002,23.00539143,26.04141618,24.29568002,17.95539143,25.17141618
4,3,9,34.81860684,28.0662835,31.5056298,29.79460684,23.0162835,30.6356298
4,4,9,40.31357055,33.04783692,37.01138083,35.28957055,27.99783692,36.14138083
4,5,9,45.87906737,38.65731858,42.58725907,40.85506737,33.60731858,41.71725907
4,6,9,51.35875336,43.55734529,48.08880321,46.33475336,38.50734529,47.21880321
4,7,9,56.8593966,48.938338,53.73531377,51.8353966,43.888338,52.86531377
4,8,9,62.3787566,54.3265481,59.32611164,57.3547566,49.2765481,58.45611164
5,1,9,27.59659746,20.21813394,23.46717947,22.57259746,15.16813394,22.59717947
5,2,9,33.00495541,25.2076178,28.85849039,27.98095541,20.1576178,27.98849039
5,3,9,38.30054642,29.98550601,34.2430642,33.27654642,24.93550601,33.3730642
5,4,9,43.86058851,35.44306583,39.7754746,38.83658851,30.39306583,38.9054746
5,5,9,49.33368551,40.33447328,45.29509664,44.30968551,35.28447328,44.42509664
5,6,9,54.72595617,45.61864797,50.84972868,49.70195617,40.56864797,49.97972868
5,7,9,60.35626652,51.00978627,56.47215363,55.33226652,45.95978627,55.60215363
5,8,9,65.78985391,56.32903167,61.99003211,60.76585391,51.27903167,61.12003211
6,1,9,31.21328764,22.18828765,26.31516309,26.18928764,17.13828765,25.44516309
6,2,9,36.60565876,27.16447713,31.6930788,31.58165876,22.11447713,30.8230788
6,3,9,42.01817036,32.16602428,37.11319093,36.99417036,27.11602428,36.24319093
6,4,9,47.55557126,37.56600243,42.60853025,42.53157126,32.51600243,41.73853025
6,5,9,52.92577739,42.47281607,48.13791167,47.90177739,37.42281607,47.26791167
6,6,9,58.43723483,47.7458813,53.66973837,53.41323483,42.6958813,52.79973837
6,7,9,63.98104253,53.0728014,59.24568785,58.95704253,48.0228014,58.37568785
6,8,9,69.55498175,58.44038817,64.84431522,64.53098175,53.39038817,63.97431522
7,1,9,34.74145629,24.0736267,29.08871398,29.71745629,19.0236267,28.21871398
7,2,9,40.1026308,29.04681394,34.45527882,35.0786308,23.99681394,33.58527882
7,3,9,45.58068355,34.24131353,39.90170921,40.55668355,29.19131353,39.03170921
7,4,9,50.90400158,39.18196257,45.38828329,45.88000158,34.13196257,44.51828329
7,5,9,56.40798864,44.44531114,50.85332693,51.38398864,39.39531114,49.98332693
7,6,9,61.90501565,49.75294974,56.40725008,56.88101565,44.70294974,55.53725008
7,7,9,67.45074132,55.08698523,61.95126437,62.42674132,50.03698523,61.08126437
7,8,9,72.965249,60.46762521,67.54319111,67.941249,55.41762521,66.67319111
8,1,9,38.538071,26.30995835,31.97736007,33.514071,21.25995835,31.10736007
8,2,9,43.91969217,31.3430057,37.31684487,38.89569217,26.2930057,36.44684487
8,3,9,49.20377181,36.19697968,42.80758263,44.17977181,31.14697968,41.93758263
8,4,9,54.64432492,41.35906311,48.19852338,49.62032492,36.30906311,47.32852338
8,5,9,60.15914574,46.60553791,53.74358957,55.13514574,41.55553791,52.87358957
8,6,9,65.67996705,51.90478251,59.25418986,60.65596705,46.85478251,58.38418986
8,7,9,71.20821639,57.24070129,64.82148035,66.18421639,52.19070129,63.95148035
8,8,9,76.81353431,62.61779159,70.27847444,71.78953431,57.56779159,69.40847444
10,1,1,42.044193,28.22157343,33.55130828,37.020193,23.17157343,32.68130828
10,1,2,42.65471977,28.39423725,33.79773334,37.63071977,23.34423725,32.92773334
10,1,3,43.06902418,28.83142889,34.70886064,38.04502418,23.78142889,33.83886064
10,1,4,43.64331348,29.04395703,35.1770753,38.61931348,23.99395703,34.3070753
10,1,5,44.0524923,29.18535077,35.73435402,39.0284923,24.13535077,34.86435402
10,1,6,44.40674055,29.2894945,36.28407052,39.38274055,24.2394945,35.41407052
10,1,7,44.9986825,29.81732721,36.69471507,39.9746825,24.76732721,35.82471507
10,1,8,45.38151677,29.97622673,37.2094062,40.35751677,24.92622673,36.3394062
10,2,1,47.29953975,32.59244719,38.7165523,42.27553975,27.54244719,37.8465523
10,2,2,47.99514396,33.18787389,39.48519794,42.97114396,28.13787389,38.61519794
10,2,3,48.4488281,33.43246715,40.11427498,43.4248281,28.38246715,39.24427498
10,2,4,48.82139963,33.62942793,40.69416933,43.79739963,28.57942793,39.82416933
10,2,5,49.21651212,33.84505881,41.29261278,44.19251212,28.79505881,40.42261278
10,2,6,49.78970518,34.31988482,41.6010852,44.76570518,29.26988482,40.7310852
10,2,7,50.13676041,34.46815866,42.10834109,45.11276041,29.41815866,41.23834109
10,2,8,50.56749524,34.72235364,42.65622185,45.54349524,29.67235364,41.78622185
10,3,1,52.68139703,37.65326247,44.4103514,47.65739703,32.60326247,43.5403514
10,3,2,53.39577469,38.22289232,45.02435063,48.37177469,33.17289232,44.15435063
10,3,3,53.8460311,38.52625954,45.57376509,48.8220311,33.47625954,44.70376509
10,3,4,54.22190894,38.7496005,46.1093133,49.19790894,33.6996005,45.2393133
10,3,5,54.78359527,39.25197928,46.52831073,49.75959527,34.20197928,45.65831073
10,3,6,55.20847096,39.4618845,47.04085092,50.18447096,34.4118845,46.17085092
10,3,7,55.65549588,39.72845561,47.53606829,50.63149588,34.67845561,46.66606829
10,4,1,57.98785445,42.61054816,49.80570606,52.96385445,37.56054816,48.93570606
10,4,2,58.69920193,43.13151238,50.69101719,53.67520193,38.08151238,49.82101719
10,4,3,59.1122008,43.4354812,51.33841064,54.0882008,38.3854812,50.46841064
10,4,4,59.69587537,43.86551082,51.56043404,54.67187537,38.81551082,50.69043404
10,4,5,60.09494465,44.14047652,52.13088857,55.07094465,39.09047652,51.26088857
10,4,6,60.52558166,44.42305805,52.65564825,55.50158166,39.37305805,51.78564825
10,5,1,63.35777441,47.73306824,55.18649306,58.33377441,42.68306824,54.31649306
10,5,2,64.09541384,48.34317841,56.13840341,59.07141384,43.29317841,55.26840341
10,5,3,64.7536342,48.82392249,56.48839041,59.7296342,43.77392249,55.61839041
10,5,4,65.15531816,49.17495447,57.06362286,60.13131816,44.12495447,56.19362286
10,5,5,65.58622432,49.41781175,57.57936647,60.56222432,44.36781175,56.70936647
