n_llama,n_yolos,n_bart,total_requests,llama32_baseline,llama32_under_load,llama32_extra,yolos_baseline,yolos_under_load,yolos_extra,bart_baseline,bart_under_load,bart_extra
0,0,0,0,4.329,4.329,0.0,6.06,6.06,0.0,0.957,0.957,0.0
0,0,1,1,4.329,4.857,0.528,6.06,6.631,0.57,0.957,1.396,0.438
0,0,2,2,4.329,5.59,1.262,6.06,7.248,1.188,0.957,1.766,0.808
0,0,3,3,4.329,6.124,1.795,6.06,7.544,1.483,0.957,2.217,1.259
0,1,0,1,4.329,8.883,4.554,6.06,11.017,4.957,0.957,2.961,2.003
0,1,1,2,4.329,9.693,5.364,6.06,11.655,5.595,0.957,4.16,3.203
0,1,2,3,4.329,11.09,6.762,6.06,11.76,5.699,0.957,4.826,3.869
0,1,3,4,4.329,11.569,7.24,6.06,12.634,6.573,0.957,6.102,5.144
0,2,0,2,4.329,15.691,11.362,6.06,16.978,10.917,0.957,5.864,4.906
0,2,1,3,4.329,16.157,11.828,6.06,17.512,11.452,0.957,7.944,6.986
0,2,2,4,4.329,18.171,13.842,6.06,17.644,11.583,0.957,9.116,8.159
0,2,3,5,4.329,18.366,14.037,6.06,18.586,12.525,0.957,11.173,10.215
0,3,0,3,4.329,22.474,18.145,6.06,23.183,17.123,0.957,8.641,7.684
0,3,1,4,4.329,23.432,19.103,6.06,23.78,17.72,0.957,11.933,10.976
0,3,2,5,4.329,25.345,21.017,6.06,24.244,18.184,0.957,14.77,13.812
0,3,3,6,4.329,25.264,20.935,6.06,24.841,18.781,0.957,14.453,13.495
1,0,0,1,4.329,7.64,3.311,6.06,9.048,2.988,0.957,3.005,2.048
1,0,1,2,4.329,8.322,3.994,6.06,9.534,3.474,0.957,3.614,2.656
1,0,2,3,4.329,8.922,4.593,6.06,9.668,3.608,0.957,3.958,3.001
1,0,3,4,4.329,9.553,5.224,6.06,10.084,4.024,0.957,4.578,3.62
1,1,0,2,4.329,13.574,9.246,6.06,13.755,7.695,0.957,6.476,5.518
1,1,1,3,4.329,13.713,9.384,6.06,13.545,7.485,0.957,7.674,6.716
1,1,2,4,4.329,15.522,11.193,6.06,14.393,8.333,0.957,7.99,7.032
1,1,3,5,4.329,15.25,10.921,6.06,14.977,8.917,0.957,9.307,8.35
1,2,0,3,4.329,20.045,15.716,6.06,19.199,13.138,0.957,12.442,11.485
1,2,1,4,4.329,22.136,17.808,6.06,19.278,13.217,0.957,13.031,12.073
1,2,2,5,4.329,22.052,17.723,6.06,19.565,13.504,0.957,14.347,13.389
1,2,3,6,4.329,23.962,19.634,6.06,21.08,15.02,0.957,14.739,13.781
1,3,0,4,4.329,30.459,26.13,6.06,25.646,19.586,0.957,15.341,14.384
1,3,1,5,4.329,28.001,23.672,6.06,26.057,19.997,0.957,20.651,19.693
1,3,2,6,4.329,31.809,27.48,6.06,26.194,20.134,0.957,18.905,17.948
1,3,3,7,4.329,29.842,25.514,6.06,26.88,20.819,0.957,21.471,20.513
2,0,0,2,4.329,11.334,7.006,6.06,11.651,5.591,0.957,5.488,4.53
2,0,1,3,4.329,11.741,7.412,6.06,11.696,5.635,0.957,6.123,5.165
2,0,2,4,4.329,12.541,8.213,6.06,12.103,6.043,0.957,6.491,5.534
2,0,3,5,4.329,12.889,8.561,6.06,12.287,6.226,0.957,7.214,6.256
2,1,0,3,4.329,17.607,13.279,6.06,16.13,10.07,0.957,10.117,9.16
2,1,1,4,4.329,18.168,13.839,6.06,16.456,10.395,0.957,11.122,10.164
2,1,2,5,4.329,19.312,14.984,6.06,17.107,11.046,0.957,11.459,10.502
2,1,3,6,4.329,19.918,15.589,6.06,17.151,11.091,0.957,12.62,11.662
2,2,0,4,4.329,25.423,21.094,6.06,21.298,15.238,0.957,16.153,15.196
2,2,1,5,4.329,26.051,21.722,6.06,21.973,15.912,0.957,17.05,16.092
2,2,2,6,4.329,27.147,22.819,6.06,23.137,17.077,0.957,17.735,16.777
2,2,3,7,4.329,27.46,23.132,6.06,22.81,16.75,0.957,18.591,17.634
2,3,0,5,4.329,32.984,28.655,6.06,28.226,22.166,0.957,21.958,21.001
2,3,1,6,4.329,34.065,29.736,6.06,28.411,22.35,0.957,22.873,21.915
2,3,2,7,4.329,35.208,30.879,6.06,28.952,22.891,0.957,23.13,22.172
2,3,3,8,4.329,35.067,30.739,6.06,29.25,23.19,0.957,25.138,24.18
3,0,0,3,4.329,14.714,10.385,6.06,13.608,7.547,0.957,8.279,7.321
3,0,1,4,4.329,15.6,11.271,6.06,14.151,8.091,0.957,8.761,7.803
3,0,2,5,4.329,15.887,11.559,6.06,14.189,8.129,0.957,9.464,8.507
3,0,3,6,4.329,16.654,12.326,6.06,14.653,8.592,0.957,9.909,8.951
3,1,0,4,4.329,21.917,17.589,6.06,18.415,12.354,0.957,13.092,12.134
3,1,1,5,4.329,22.015,17.687,6.06,18.81,12.75,0.957,14.389,13.432
3,1,2,6,4.329,23.568,19.239,6.06,19.34,13.28,0.957,14.463,13.506
3,1,3,7,4.329,23.4,19.071,6.06,19.489,13.429,0.957,15.88,14.923
3,2,0,5,4.329,29.154,24.826,6.06,23.74,17.679,0.957,19.816,18.858
3,2,1,6,4.329,30.804,26.475,6.06,24.503,18.442,0.957,20.315,19.357
3,2,2,7,4.329,30.795,26.467,6.06,24.783,18.723,0.957,21.379,20.422
3,2,3,8,4.329,32.454,28.126,6.06,25.241,19.181,0.957,21.773,20.815
3,3,0,6,4.329,39.164,34.835,6.06,28.826,22.766,0.957,25.565,24.608
3,3,1,7,4.329,39.188,34.859,6.06,29.2,23.14,0.957,27.688,26.73
3,3,2,8,4.329,40.679,36.35,6.06,30.176,24.115,0.957,27.25,26.292
3,3,3,9,4.329,40.651,36.322,6.06,30.489,24.428,0.957,29.12,28.162
